Question Number,Main Statements,child statement,Category,Question,Type of Question,Total marks,Individual Marks,Student Answer,Label Image,Correct Answer,Student Answer [Image],Reason for Correct Answer,Marking Scheme,Marking Scheme (Image),Link,Linked Question,GPT Response,,Evaluator's Comments,
4,nan,nan,nan,"Draw a ‘dot-and-cross’ diagram to show the arrangement of outer electrons in CO.
Show the electrons belonging to the C atom as ×.
Show the electrons belonging to the O atom as ●.",Diagram,2,2,nan,nan,nan,https://firebasestorage.googleapis.com/v0/b/tuitional-ai.appspot.com/o/Chemistry%2Funnamed-5.jpg?alt=media&token=32c8bdc3-cdcd-4ec9-91c2-72b833ebbd54,nan,"3 bonding pairs between C and O, 4 •’s AND 2’s 1 lone pair on C,, AND 1 lone pair on O, ••.",https://firebasestorage.googleapis.com/v0/b/tuitional-ai.appspot.com/o/Biology%2FScreenshot%202024-09-12%20at%2012.39.04%E2%80%AFAM.png?alt=media&token=fe29d60a-d156-43fb-9a05-00ead373de65,nan,nan,"{""evaluations"": [{""id"": ""nan"", ""obtained_marks"": 1, ""total_marks"": 2, ""Strict Marking"": ""The candidate has shown three bonding pairs between C and O, but the lone pairs are incorrect. There should be one lone pair on C and one lone pair on O."", ""Marks Allocation"": ""The candidate should be awarded half of the available marks for correctly showing the bonding pairs but not the lone pairs.""}]}",,Incorrect drawn diagram.,Can not be solved without fine-tuning or Model changing.
nan,nan,nan,"Main Statement: 5(b)
",(b) Name the catalyst used and state the conditions needed for this reaction to occur.,Short Question,12,2,"Sulfuric Acid, Steam and heat is required",nan,nan,nan,nan,"M1 catalyst = sulfuric acid / phosphoric(V) acid 
M2 conditions of reaction = steam / heat (and pressure)",nan,nan,nan,"{""evaluations"": [{""id"": ""1(b)"", ""obtained_marks"": 1, ""total_marks"": 2, ""Strict Marking"": ""The candidate has correctly identified sulfuric acid as the catalyst but has not mentioned phosphoric(V) acid as an alternative. The conditions of reaction are partially correct as they mention steam and heat, but they do not specify pressure, which is also required."", ""Marks Allocation"": ""The candidate should be awarded 1 mark for correctly identifying the catalyst but loses marks for not mentioning the alternative catalyst and for incomplete conditions.""}]}",,Marking Scheme Mentions Sulphuric Acid or Phosphoric Acid. Here the total awarded marks should. be 2/2 ,Solved
nan,nan,"(d) The reaction of propene, C3H6, with H2O occurs in a two-step mechanism. In step 1 C3H6 reacts with the catalyst, H+, to form a carbocation.","Child Statement: 5(d) (i)
","(i) Draw structures to identify the more stable and less stable carbocations which can form in step 1. Explain your answer.

explanation ......................................................................................................................... ............................................................................................................................................. ............................................................................................................................................. .............................................................................................................................................
............................................................................................................................................. [3]",Diagram,12,3,nan,https://firebasestorage.googleapis.com/v0/b/tuitional-ai.appspot.com/o/Chemistry%2FScreenshot%202024-09-12%20at%206.43.17%E2%80%AFPM.png?alt=media&token=88d48f41-536c-4c8a-a830-e0257027b555,"https://firebasestorage.googleapis.com/v0/b/tuitional-ai.appspot.com/o/Chemistry%2Funnamed.jpg?alt=media&token=60aaa245-9031-4c5c-8fe2-3835305442dc

https://firebasestorage.googleapis.com/v0/b/tuitional-ai.appspot.com/o/Chemistry%2Funnamed-2.jpg?alt=media&token=dcdcc3ad-c303-4e11-87e0-013ef35498df","https://firebasestorage.googleapis.com/v0/b/tuitional-ai.appspot.com/o/Chemistry%2Funnamed-3.jpg?alt=media&token=efb386d0-33f6-4d5d-a7c1-d92edffee9b0

https://firebasestorage.googleapis.com/v0/b/tuitional-ai.appspot.com/o/Chemistry%2Funnamed-4.jpg?alt=media&token=44db5cdf-efde-4b4c-9db5-220e34a5affe",nan,"M1 more stable = CH3C+(H)(CH3)
M2 less stable = CH3CH2C+(H2) /
M3 greater (positive) inductive effect of two alkyl groups OR greater electron donation of two alkyl groups owtte","https://firebasestorage.googleapis.com/v0/b/tuitional-ai.appspot.com/o/Chemistry%2FScreenshot%202024-09-12%20at%207.03.09%E2%80%AFPM.png?alt=media&token=b6da8531-92ab-4544-9427-879e2ca4fe05

https://firebasestorage.googleapis.com/v0/b/tuitional-ai.appspot.com/o/Chemistry%2FScreenshot%202024-09-12%20at%207.03.13%E2%80%AFPM.png?alt=media&token=06af9e25-025e-4c0b-bb77-b313872f54cd",nan,nan,"{""evaluations"": [{""id"": ""(d)(i)"", ""obtained_marks"": 0, ""total_marks"": 3, ""Strict Marking"": ""The candidate's drawings do not correctly represent the more stable and less stable carbocations. The structures provided do not match the expected carbocations for propene reacting with H+. Additionally, there is no explanation provided."", ""Marks Allocation"": ""No marks are awarded as the structures and explanation are incorrect or missing.""}]}",,"Wrong Evaluation. 
1- Student has written the answer (No comment on that) 
2- First Diagram is incorrect while second is corect. 
3- I feel AI has not recognised the image correctly. 
4- No appropriate reasoning has been given ",
nan,nan,nan,"Child Statement: 5(s) (ii)
",Describe the reagents and conditions needed to favour this reaction.,Short Question,12,2,NaOh and heat under reflux,nan,nan,"M1 NaOH / KOH
M2 ethanolic solution / ethanol / alcohol + heat

",nan,"M1 NaOH / KOH
M2 ethanolic solution / ethanol / alcohol + heat

",nan,nan,nan,"{""evaluations"": [{""id"": ""1(a)(i)"", ""obtained_marks"": 1, ""total_marks"": 2, ""Strict Marking"": ""The candidate has mentioned NaOH and heat under reflux, which is partially correct. However, the answer lacks the specification of using an ethanolic solution or ethanol as required by the marking scheme."", ""Marks Allocation"": ""The candidate should be awarded 1 mark for mentioning NaOH, but loses marks for not including the necessary details about the solvent and conditions.""}]}",,,
1,Fungal cells and plant cells contain mitochondria.,A scientist investigated the effect of sugar on respiration in yeast cells. One flask contained 100cm3 of a sugar solution and another flask contained 100cm3 of water. Both flasks contained the same mass of yeast. The temperature was maintained at 25°C. The scientist used the apparatus shown in Fig. 1.1.,Child Statement:,"Using the gradient shown in Fig. 1.2, calculate the rate of carbon dioxide gas produced by the yeast in a sugar solution between 10 minutes and 15 minutes. Include the unit. Space for working.",Numerical,14,3,8 cm³ per minute (total change divided by total time),"https://firebasestorage.googleapis.com/v0/b/tuitional-ai.appspot.com/o/Biology%2FScreenshot%202024-08-17%20at%206.42.21%E2%80%AFPM.png?alt=media&token=9ea6a876-225b-46e4-b086-97e571066c78.                                

https://firebasestorage.googleapis.com/v0/b/tuitional-ai.appspot.com/o/Biology%2FScreenshot%202024-08-17%20at%206.43.35%E2%80%AFPM.png?alt=media&token=626a4c2b-6839-4bb0-8f87-edbe1ba680bb

",nan,nan,"1.6 cm³ per minute
Calculate the gradient between 10-15 minutes: (19 - 11) / (15 - 10) = 1.6 cm³/min",1(c)(i) 1.6 cm3 per minute ;;;,nan,https://firebasestorage.googleapis.com/v0/b/tuitional-ai.appspot.com/o/Biology%2Fas.jpg?alt=media&token=56010148-792c-45c9-9552-9e2b5422c848,nan,"{""evaluations"": [{""id"": ""1(c)(i)"", ""obtained_marks"": 0, ""total_marks"": 3, ""Strict Marking"": ""The candidate calculated the rate as 8 cm\u00b3 per minute, which is incorrect. The correct rate, according to the marking scheme, is 1.6 cm\u00b3 per minute."", ""Marks Allocation"": ""No marks are awarded as the candidate's calculation does not match the expected result.""}]}",,"1- No reference to diagram plugged by the student. Is it because its a numerical?
2- No reference in the asnwer that the marks have been deduced due to lack of solution ",Needs Discussion
2,Fig. 2.1 shows the structure of the eye. It also shows the pathway taken by nerve impulses which help bring about changes in the eye in order to bring light to a focus,nan,Main Statement:,Draw a label line and a letter X on Fig. 2.1 to identify a motor neurone.,Diagram,1,1,X is placed on the cornea.,"https://firebasestorage.googleapis.com/v0/b/tuitional-ai.appspot.com/o/Biology%2FScreenshot%202024-08-17%20at%208.38.54%E2%80%AFPM.png?alt=media&token=98d368ef-192f-40dd-a421-96ae27afc21d

","X should be placed on the optic nerve, the part of the diagram that shows the connection between the brain and the eye.",https://firebasestorage.googleapis.com/v0/b/tuitional-ai.appspot.com/o/Biology%2FA22.jpg?alt=media&token=31a7f8ec-a650-4dcb-899a-19b4411d9843,nan,label line and the letter X that touches the neurone coming from the brain to the eye ;,nan,https://firebasestorage.googleapis.com/v0/b/tuitional-ai.appspot.com/o/Biology%2FA22.jpg?alt=media&token=31a7f8ec-a650-4dcb-899a-19b4411d9843,nan,"{""evaluations"": [{""id"": ""2(b)"", ""obtained_marks"": 0, ""total_marks"": 1, ""Strict Marking"": ""The candidate placed the letter X on the cornea, which is incorrect. The marking scheme requires the X to be placed on the motor neurone coming from the brain to the eye."", ""Marks Allocation"": ""No marks are awarded as the placement does not meet the marking scheme criteria.""}]}",,Diagram has not been identified by AI. However only thing that has been done is the recognition of student answer ,
5,The diagram shows a simple cell.,nan,Child Statement,Write an equation for the overall reaction occurring in the cell,Equation,2,2,Zn+ 2H+→ZnSO4+H,https://firebasestorage.googleapis.com/v0/b/tuitional-ai.appspot.com/o/Chemistry%2FScreenshot%202024-09-17%20at%2012.14.11%E2%80%AFAM.png?alt=media&token=67bc8afa-55df-4882-806c-a85f4ce1ca41,nan,nan,nan,"The equation for the overall reaction occurring in the cell is:
Zn+ H2SO4→ZnSO4+H2
OR
Zn +2H+→Zn2++H2
Ignore SO4- spectatorions on both sides of the ionic equation",nan,nan,nan,"{""evaluations"": [{""id"": ""nan"", ""obtained_marks"": 1, ""total_marks"": 2, ""Strict Marking"": ""The candidate's answer 'Zn+ 2H+\u2192ZnSO4+H' is incorrect. The correct equation should be 'Zn + 2H+ \u2192 Zn2+ + H2'. The candidate incorrectly included 'ZnSO4' and 'H' instead of 'Zn2+' and 'H2'."", ""Marks Allocation"": ""The candidate should be awarded 1 mark for correctly identifying the reactants but not the products.""}]}",,"Code errors. 
Defyimg marking scheme checking methodologies",