Question Number,Main Statements,child statement,Category,Question,Type of Question,Total marks,Individual Marks,Student Answer,Label Image,Correct Answer,Student Answer [Image],Reason for Correct Answer,Marking Scheme,Marking Scheme (Image),Link,Linked Question,GPT Response,Unnamed: 18,Evaluator's Comments,Unnamed: 20,Prompt
4.0,nan,nan,nan,"Draw a ‘dot-and-cross’ diagram to show the arrangement of outer electrons in CO.
Show the electrons belonging to the C atom as ×.
Show the electrons belonging to the O atom as ●.",Diagram,2,2,nan,nan,nan,https://firebasestorage.googleapis.com/v0/b/tuitional-ai.appspot.com/o/Chemistry%2Funnamed-5.jpg?alt=media&token=32c8bdc3-cdcd-4ec9-91c2-72b833ebbd54,nan,"3 bonding pairs between C and O, 4 •’s AND 2’s 1 lone pair on C,, AND 1 lone pair on O, ••.",https://firebasestorage.googleapis.com/v0/b/tuitional-ai.appspot.com/o/Biology%2FScreenshot%202024-09-12%20at%2012.39.04%E2%80%AFAM.png?alt=media&token=fe29d60a-d156-43fb-9a05-00ead373de65,nan,nan,"{""evaluations"": [{""id"": ""nan"", ""obtained_marks"": 1, ""total_marks"": 2, ""Balanced Marking"": ""The candidate has shown three bonding pairs between C and O, but the lone pairs are not correctly represented. The lone pair on C is missing."", ""Marks Allocation"": ""Partial marks awarded for correctly showing bonding pairs but missing lone pairs.""}]}",nan,Incorrect drawn diagram.,Solved,"[{'role': 'user', 'content': [{'type': 'text', 'text': 'Main Statements: nan, Child Statement: nan, Question: Draw a dot-and-cross diagram to show the arrangement of outer electrons in CO.\nShow the electrons belonging to the C atom as .\nShow the electrons belonging to the O atom as ., Individual Marks: 2, Student Answer: nan, Marking Scheme: 3 bonding pairs between C and O, 4 s AND 2s 1 lone pair on C,, AND 1 lone pair on O, .'}, {'type': 'text', 'text': ""This image is from 'Student Answer [Image]':""}, {'type': 'image_url', 'image_url': {'url': 'https://firebasestorage.googleapis.com/v0/b/tuitional-ai.appspot.com/o/Chemistry%2Funnamed-5.jpg?alt=media&token=32c8bdc3-cdcd-4ec9-91c2-72b833ebbd54'}}, {'type': 'text', 'text': ""This image is from 'Marking Scheme (Image)':""}, {'type': 'image_url', 'image_url': {'url': 'https://firebasestorage.googleapis.com/v0/b/tuitional-ai.appspot.com/o/Biology%2FScreenshot%202024-09-12%20at%2012.39.04%E2%80%AFAM.png?alt=media&token=fe29d60a-d156-43fb-9a05-00ead373de65'}}]}]"
nan,nan,nan,"Main Statement: 5(b)
",(b) Name the catalyst used and state the conditions needed for this reaction to occur.,Short Question,12,2,"Sulfuric Acid, Steam and heat is required",nan,nan,nan,nan,"M1 catalyst = sulfuric acid / phosphoric(V) acid 
M2 conditions of reaction = steam / heat (and pressure)",nan,nan,nan,"{""evaluations"": [{""id"": ""1(b)"", ""obtained_marks"": 2, ""total_marks"": 2, ""Balanced Marking"": ""The candidate correctly identified sulfuric acid as the catalyst and mentioned the need for steam and heat, which aligns with the required conditions for the reaction."", ""Marks Allocation"": ""Full marks awarded for correctly naming the catalyst and stating the necessary conditions.""}]}",nan,Marking Scheme Mentions Sulphuric Acid or Phosphoric Acid. Here the total awarded marks should. be 2/2 ,nan,"[{'role': 'user', 'content': 'Main Statements: nan, Child Statement: nan, Question: (b) Name the catalyst used and state the conditions needed for this reaction to occur., Individual Marks: 2, Student Answer: Sulfuric Acid, Steam and heat is required, Marking Scheme: M1 catalyst = sulfuric acid / phosphoric(V) acid \nM2 conditions of reaction = steam / heat (and pressure)'}]"
nan,nan,"(d) The reaction of propene, C3H6, with H2O occurs in a two-step mechanism. In step 1 C3H6 reacts with the catalyst, H+, to form a carbocation.","Child Statement: 5(d) (i)
","(i) Draw structures to identify the more stable and less stable carbocations which can form in step 1. Explain your answer.

explanation ......................................................................................................................... ............................................................................................................................................. ............................................................................................................................................. .............................................................................................................................................
............................................................................................................................................. [3]",Diagram,12,3,nan,https://firebasestorage.googleapis.com/v0/b/tuitional-ai.appspot.com/o/Chemistry%2FScreenshot%202024-09-12%20at%206.43.17%E2%80%AFPM.png?alt=media&token=88d48f41-536c-4c8a-a830-e0257027b555,"https://firebasestorage.googleapis.com/v0/b/tuitional-ai.appspot.com/o/Chemistry%2Funnamed.jpg?alt=media&token=60aaa245-9031-4c5c-8fe2-3835305442dc

https://firebasestorage.googleapis.com/v0/b/tuitional-ai.appspot.com/o/Chemistry%2Funnamed-2.jpg?alt=media&token=dcdcc3ad-c303-4e11-87e0-013ef35498df","https://firebasestorage.googleapis.com/v0/b/tuitional-ai.appspot.com/o/Chemistry%2Funnamed-3.jpg?alt=media&token=efb386d0-33f6-4d5d-a7c1-d92edffee9b0

https://firebasestorage.googleapis.com/v0/b/tuitional-ai.appspot.com/o/Chemistry%2Funnamed-4.jpg?alt=media&token=44db5cdf-efde-4b4c-9db5-220e34a5affe",nan,"M1 more stable = CH3C+(H)(CH3)
M2 less stable = CH3CH2C+(H2) /
M3 greater (positive) inductive effect of two alkyl groups OR greater electron donation of two alkyl groups owtte","https://firebasestorage.googleapis.com/v0/b/tuitional-ai.appspot.com/o/Chemistry%2FScreenshot%202024-09-12%20at%207.03.09%E2%80%AFPM.png?alt=media&token=b6da8531-92ab-4544-9427-879e2ca4fe05

https://firebasestorage.googleapis.com/v0/b/tuitional-ai.appspot.com/o/Chemistry%2FScreenshot%202024-09-12%20at%207.03.13%E2%80%AFPM.png?alt=media&token=06af9e25-025e-4c0b-bb77-b313872f54cd",nan,nan,"{""evaluations"": [{""id"": ""(d)(i)"", ""obtained_marks"": 0, ""total_marks"": 3, ""Balanced Marking"": ""The student did not provide the correct structures for the more stable and less stable carbocations. The explanation regarding the inductive effect or electron donation is also missing."", ""Marks Allocation"": ""No marks awarded as the response does not meet the requirements of the marking scheme.""}]}",nan,"Wrong Evaluation. 
1- Student has written the answer (No comment on that) 
2- First Diagram is incorrect while second is corect. 
3- I feel AI has not recognised the image correctly. 
4- No appropriate reasoning has been given ",nan,"[{'role': 'user', 'content': [{'type': 'text', 'text': 'Main Statements: nan, Child Statement: (d) The reaction of propene, C3H6, with H2O occurs in a two-step mechanism. In step 1 C3H6 reacts with the catalyst, H+, to form a carbocation., Question: (i) Draw structures to identify the more stable and less stable carbocations which can form in step 1. Explain your answer.\n\nexplanation ......................................................................................................................... ............................................................................................................................................. ............................................................................................................................................. .............................................................................................................................................\n............................................................................................................................................. [3], Individual Marks: 3, Student Answer: nan, Marking Scheme: M1 more stable = CH3C+(H)(CH3)\nM2 less stable = CH3CH2C+(H2) /\nM3 greater (positive) inductive effect of two alkyl groups OR greater electron donation of two alkyl groups owtte'}, {'type': 'text', 'text': ""This image is from 'Label Image':""}, {'type': 'image_url', 'image_url': {'url': 'https://firebasestorage.googleapis.com/v0/b/tuitional-ai.appspot.com/o/Chemistry%2FScreenshot%202024-09-12%20at%206.43.17%E2%80%AFPM.png?alt=media&token=88d48f41-536c-4c8a-a830-e0257027b555'}}, {'type': 'text', 'text': ""This image is from 'Student Answer [Image]':""}, {'type': 'image_url', 'image_url': {'url': 'https://firebasestorage.googleapis.com/v0/b/tuitional-ai.appspot.com/o/Chemistry%2Funnamed-3.jpg?alt=media&token=efb386d0-33f6-4d5d-a7c1-d92edffee9b0'}}, {'type': 'text', 'text': ""This image is from 'Student Answer [Image]':""}, {'type': 'image_url', 'image_url': {'url': 'https://firebasestorage.googleapis.com/v0/b/tuitional-ai.appspot.com/o/Chemistry%2Funnamed-4.jpg?alt=media&token=44db5cdf-efde-4b4c-9db5-220e34a5affe'}}, {'type': 'text', 'text': ""This image is from 'Marking Scheme (Image)':""}, {'type': 'image_url', 'image_url': {'url': 'https://firebasestorage.googleapis.com/v0/b/tuitional-ai.appspot.com/o/Chemistry%2FScreenshot%202024-09-12%20at%207.03.09%E2%80%AFPM.png?alt=media&token=b6da8531-92ab-4544-9427-879e2ca4fe05'}}, {'type': 'text', 'text': ""This image is from 'Marking Scheme (Image)':""}, {'type': 'image_url', 'image_url': {'url': 'https://firebasestorage.googleapis.com/v0/b/tuitional-ai.appspot.com/o/Chemistry%2FScreenshot%202024-09-12%20at%207.03.13%E2%80%AFPM.png?alt=media&token=06af9e25-025e-4c0b-bb77-b313872f54cd'}}]}]"
nan,nan,nan,"Child Statement: 5(s) (ii)
",Describe the reagents and conditions needed to favour this reaction.,Short Question,12,2,NaOh and heat under reflux,nan,nan,"M1 NaOH / KOH
M2 ethanolic solution / ethanol / alcohol + heat

",nan,"M1 NaOH / KOH
M2 ethanolic solution / ethanol / alcohol + heat

",nan,nan,nan,"{""evaluations"": [{""id"": ""1"", ""obtained_marks"": 1, ""total_marks"": 2, ""Balanced Marking"": ""The candidate correctly identified NaOH as a reagent but did not specify that it should be in an ethanolic solution or mention ethanol/alcohol as required by the marking scheme."", ""Marks Allocation"": ""The candidate should be awarded 1 mark for mentioning NaOH, but loses a mark for not providing the complete conditions.""}]}",nan,nan,nan,"[{'role': 'user', 'content': 'Main Statements: nan, Child Statement: nan, Question: Describe the reagents and conditions needed to favour this reaction., Individual Marks: 2, Student Answer: NaOh and heat under reflux, Marking Scheme: M1 NaOH / KOH\nM2 ethanolic solution / ethanol / alcohol + heat\n\n'}]"
1.0,Fungal cells and plant cells contain mitochondria.,A scientist investigated the effect of sugar on respiration in yeast cells. One flask contained 100cm3 of a sugar solution and another flask contained 100cm3 of water. Both flasks contained the same mass of yeast. The temperature was maintained at 25°C. The scientist used the apparatus shown in Fig. 1.1.,Child Statement:,"Using the gradient shown in Fig. 1.2, calculate the rate of carbon dioxide gas produced by the yeast in a sugar solution between 10 minutes and 15 minutes. Include the unit. Space for working.",Numerical,14,3,8 cm³ per minute (total change divided by total time),"https://firebasestorage.googleapis.com/v0/b/tuitional-ai.appspot.com/o/Biology%2FScreenshot%202024-08-17%20at%206.42.21%E2%80%AFPM.png?alt=media&token=9ea6a876-225b-46e4-b086-97e571066c78.                                

https://firebasestorage.googleapis.com/v0/b/tuitional-ai.appspot.com/o/Biology%2FScreenshot%202024-08-17%20at%206.43.35%E2%80%AFPM.png?alt=media&token=626a4c2b-6839-4bb0-8f87-edbe1ba680bb

",nan,nan,"1.6 cm³ per minute
Calculate the gradient between 10-15 minutes: (19 - 11) / (15 - 10) = 1.6 cm³/min",1(c)(i) 1.6 cm3 per minute ;;;,nan,https://firebasestorage.googleapis.com/v0/b/tuitional-ai.appspot.com/o/Biology%2Fas.jpg?alt=media&token=56010148-792c-45c9-9552-9e2b5422c848,nan,"{""evaluations"": [{""id"": ""1(c)(i)"", ""obtained_marks"": 0, ""total_marks"": 3, ""Balanced Marking"": ""The candidate calculated the rate as 8 cm per minute, which is incorrect. The correct rate is 1.6 cm3 per minute as per the marking scheme."", ""Marks Allocation"": ""No marks awarded due to incorrect calculation of the rate.""}]}",nan,"1- No reference to diagram plugged by the student. Is it because its a numerical?
2- No reference in the asnwer that the marks have been deduced due to lack of solution ",Needs Discussion,"[{'role': 'user', 'content': [{'type': 'text', 'text': 'Main Statements: Fungal cells and plant cells contain mitochondria., Child Statement: A scientist investigated the effect of sugar on respiration in yeast cells. One flask contained 100cm3 of a sugar solution and another flask contained 100cm3 of water. Both flasks contained the same mass of yeast. The temperature was maintained at 25C. The scientist used the apparatus shown in Fig. 1.1., Question: Using the gradient shown in Fig. 1.2, calculate the rate of carbon dioxide gas produced by the yeast in a sugar solution between 10 minutes and 15 minutes. Include the unit. Space for working., Individual Marks: 3, Student Answer: 8 cm per minute (total change divided by total time), Marking Scheme: 1(c)(i) 1.6 cm3 per minute ;;;'}, {'type': 'text', 'text': ""This image is from 'Label Image':""}, {'type': 'image_url', 'image_url': {'url': 'https://firebasestorage.googleapis.com/v0/b/tuitional-ai.appspot.com/o/Biology%2FScreenshot%202024-08-17%20at%206.42.21%E2%80%AFPM.png?alt=media&token=9ea6a876-225b-46e4-b086-97e571066c78.'}}, {'type': 'text', 'text': ""This image is from 'Label Image':""}, {'type': 'image_url', 'image_url': {'url': 'https://firebasestorage.googleapis.com/v0/b/tuitional-ai.appspot.com/o/Biology%2FScreenshot%202024-08-17%20at%206.43.35%E2%80%AFPM.png?alt=media&token=626a4c2b-6839-4bb0-8f87-edbe1ba680bb'}}]}]"
2.0,Fig. 2.1 shows the structure of the eye. It also shows the pathway taken by nerve impulses which help bring about changes in the eye in order to bring light to a focus,nan,Main Statement:,Draw a label line and a letter X on Fig. 2.1 to identify a motor neurone.,Diagram,1,1,X is placed on the cornea.,"https://firebasestorage.googleapis.com/v0/b/tuitional-ai.appspot.com/o/Biology%2FScreenshot%202024-08-17%20at%208.38.54%E2%80%AFPM.png?alt=media&token=98d368ef-192f-40dd-a421-96ae27afc21d

","X should be placed on the optic nerve, the part of the diagram that shows the connection between the brain and the eye.",https://firebasestorage.googleapis.com/v0/b/tuitional-ai.appspot.com/o/Biology%2FA22.jpg?alt=media&token=31a7f8ec-a650-4dcb-899a-19b4411d9843,nan,label line and the letter X that touches the neurone coming from the brain to the eye ;,nan,https://firebasestorage.googleapis.com/v0/b/tuitional-ai.appspot.com/o/Biology%2FA22.jpg?alt=media&token=31a7f8ec-a650-4dcb-899a-19b4411d9843,nan,"{""evaluations"": [{""id"": ""2(b)"", ""obtained_marks"": 0, ""total_marks"": 1, ""Balanced Marking"": ""The candidate placed the letter X on the cornea instead of the neurone coming from the brain to the eye."", ""Marks Allocation"": ""No marks awarded as the label is incorrect.""}]}",nan,Diagram has not been identified by AI. However only thing that has been done is the recognition of student answer ,nan,"[{'role': 'user', 'content': [{'type': 'text', 'text': 'Main Statements: Fig. 2.1 shows the structure of the eye. It also shows the pathway taken by nerve impulses which help bring about changes in the eye in order to bring light to a focus, Child Statement: nan, Question: Draw a label line and a letter X on Fig. 2.1 to identify a motor neurone., Individual Marks: 1, Student Answer: X is placed on the cornea., Marking Scheme: label line and the letter X that touches the neurone coming from the brain to the eye ;'}, {'type': 'text', 'text': ""This image is from 'Label Image':""}, {'type': 'image_url', 'image_url': {'url': 'https://firebasestorage.googleapis.com/v0/b/tuitional-ai.appspot.com/o/Biology%2FScreenshot%202024-08-17%20at%208.38.54%E2%80%AFPM.png?alt=media&token=98d368ef-192f-40dd-a421-96ae27afc21d'}}, {'type': 'text', 'text': ""This image is from 'Student Answer [Image]':""}, {'type': 'image_url', 'image_url': {'url': 'https://firebasestorage.googleapis.com/v0/b/tuitional-ai.appspot.com/o/Biology%2FA22.jpg?alt=media&token=31a7f8ec-a650-4dcb-899a-19b4411d9843'}}]}]"
5.0,The diagram shows a simple cell.,nan,Child Statement,Write an equation for the overall reaction occurring in the cell,Equation,2,2,Zn+ 2H+→ZnSO4+H,https://firebasestorage.googleapis.com/v0/b/tuitional-ai.appspot.com/o/Chemistry%2FScreenshot%202024-09-17%20at%2012.14.11%E2%80%AFAM.png?alt=media&token=67bc8afa-55df-4882-806c-a85f4ce1ca41,nan,nan,nan,"The equation for the overall reaction occurring in the cell is:
Zn+ H2SO4→ZnSO4+H2
OR
Zn +2H+→Zn2++H2
Ignore SO4- spectatorions on both sides of the ionic equation",nan,nan,nan,"{""evaluations"": [{""id"": ""nan"", ""obtained_marks"": 1, ""total_marks"": 2, ""Balanced Marking"": ""The candidate's answer is missing the correct stoichiometry for hydrogen gas and does not include the correct ionic form of zinc. However, the general reaction components are present."", ""Marks Allocation"": ""Partial marks awarded for including the main reactants and products, but missing correct stoichiometry and ionic forms.""}]}",nan,"Code errors. 
Defyimg marking scheme checking methodologies",nan,"[{'role': 'user', 'content': [{'type': 'text', 'text': 'Main Statements: The diagram shows a simple cell., Child Statement: nan, Question: Write an equation for the overall reaction occurring in the cell, Individual Marks: 2, Student Answer: Zn+ 2H+ZnSO4+H, Marking Scheme: The equation for the overall reaction occurring in the cell is:\nZn+ H2SO4ZnSO4+H2\nOR\nZn +2H+Zn2++H2\nIgnore SO4- spectatorions on both sides of the ionic equation'}, {'type': 'text', 'text': ""This image is from 'Label Image':""}, {'type': 'image_url', 'image_url': {'url': 'https://firebasestorage.googleapis.com/v0/b/tuitional-ai.appspot.com/o/Chemistry%2FScreenshot%202024-09-17%20at%2012.14.11%E2%80%AFAM.png?alt=media&token=67bc8afa-55df-4882-806c-a85f4ce1ca41'}}]}]"
